rfid,person,time
126.189456,Иван Кузнецов,08:59:13
126.189456,Иван Кузнецов,12:20:01
126.189456,Иван Кузнецов,13:26:44
126.189456,Иван Кузнецов,18:04:42
120.063501,Петр Новиков,09:01:10
120.063501,Петр Новиков,12:15:14
120.063501,Петр Новиков,13:25:30
120.063501,Петр Новиков,17:58:13
122.685433,Роман Самсонов,08:45:25
122.685433,Роман Самсонов,12:10:12
122.685433,Роман Самсонов,13:08:51
122.685433,Роман Самсонов,17:02:15
